{"cameraMode":{"drawMode":0,"name":"Shaded","section":"Shading Mode"},"sceneLighting":false,"audioPlay":false,"sceneViewState":{"showFog":false,"showMaterialUpdate":false,"showSkybox":false,"showFlares":false,"showImageEffects":true,"showParticleSystems":true},"in2DMode":false,"pivot":{"x":0.0009988023666664959,"y":-0.0027207820676267149,"z":0.009739544242620469},"rotation":{"x":0.2259664535522461,"y":0.7010599970817566,"z":0.24649719893932343,"w":-0.6298359036445618},"size":0.04104830324649811,"orthographic":true}