{"cameraMode":{"drawMode":0,"name":"Shaded","section":"Shading Mode"},"sceneLighting":false,"audioPlay":false,"sceneViewState":{"showFog":false,"showMaterialUpdate":false,"showSkybox":false,"showFlares":false,"showImageEffects":true,"showParticleSystems":true},"in2DMode":false,"pivot":{"x":383.4500732421875,"y":215.76199340820313,"z":-0.006000000983476639},"rotation":{"x":0.6783733367919922,"y":-0.0507974699139595,"z":0.05126119405031204,"w":0.7311645150184631},"size":0.5371882319450378,"orthographic":true}