{"cameraMode":{"drawMode":0,"name":"Shaded","section":"Shading Mode"},"sceneLighting":false,"audioPlay":false,"sceneViewState":{"showFog":false,"showMaterialUpdate":false,"showSkybox":false,"showFlares":false,"showImageEffects":true,"showParticleSystems":true},"in2DMode":false,"pivot":{"x":267.92510986328127,"y":89.11970520019531,"z":12.062613487243653},"rotation":{"x":0.7315000891685486,"y":-0.027516480535268785,"z":0.03402242809534073,"w":0.6804358959197998},"size":368.05413818359377,"orthographic":true}