{"cameraMode":{"drawMode":0,"name":"Shaded","section":"Shading Mode"},"sceneLighting":true,"audioPlay":false,"sceneViewState":{"showFog":false,"showMaterialUpdate":false,"showSkybox":false,"showFlares":false,"showImageEffects":true,"showParticleSystems":true},"in2DMode":false,"pivot":{"x":-22.282861709594728,"y":-8.520752906799317,"z":-86.6335678100586},"rotation":{"x":0.21783670783042909,"y":-0.5173751711845398,"z":-0.14241205155849458,"w":-0.815223217010498},"size":107.20126342773438,"orthographic":true}