{"cameraMode":{"drawMode":0,"name":"Shaded","section":"Shading Mode"},"sceneLighting":false,"audioPlay":false,"sceneViewState":{"showFog":true,"showMaterialUpdate":false,"showSkybox":false,"showFlares":true,"showImageEffects":true,"showParticleSystems":true},"in2DMode":false,"pivot":{"x":0.0,"y":-1.1330000162124634,"z":0.02564154379069805},"rotation":{"x":0.35571053624153139,"y":-0.6428204774856567,"z":0.4514226019382477,"w":0.5064282417297363},"size":0.04708095267415047,"orthographic":false}