{"cameraMode":{"drawMode":0,"name":"Shaded","section":"Shading Mode"},"sceneLighting":false,"audioPlay":false,"sceneViewState":{"showFog":true,"showMaterialUpdate":false,"showSkybox":false,"showFlares":true,"showImageEffects":true,"showParticleSystems":true},"in2DMode":false,"pivot":{"x":-7.05095100402832,"y":95.31697845458985,"z":42.10539245605469},"rotation":{"x":-0.190227210521698,"y":-0.577197790145874,"z":0.1405358612537384,"w":-0.7816047668457031},"size":7.987635135650635,"orthographic":false}