{"cameraMode":{"drawMode":0,"name":"Shaded","section":"Shading Mode"},"sceneLighting":false,"audioPlay":false,"sceneViewState":{"showFog":true,"showMaterialUpdate":false,"showSkybox":false,"showFlares":true,"showImageEffects":true,"showParticleSystems":true},"in2DMode":false,"pivot":{"x":0.0,"y":113.46961212158203,"z":0.0296822190284729},"rotation":{"x":-0.12837649881839753,"y":0.8098182678222656,"z":0.1927730292081833,"w":0.5390292406082153},"size":8.377822875976563,"orthographic":false}