{"cameraMode":{"drawMode":0,"name":"Shaded","section":"Shading Mode"},"sceneLighting":false,"audioPlay":false,"sceneViewState":{"showFog":true,"showMaterialUpdate":false,"showSkybox":false,"showFlares":true,"showImageEffects":true,"showParticleSystems":true},"in2DMode":false,"pivot":{"x":0.0,"y":113.46961212158203,"z":0.0296822190284729},"rotation":{"x":0.26839983463287356,"y":-0.016380388289690019,"z":0.004511589650064707,"w":0.9631577730178833},"size":8.377822875976563,"orthographic":false}